category,source_path,bytes,sha256,title,learning_resource_types
download/video,/Users/aloschilov/Obsidian/Math/DeepLearning/Books/18.06-spring-2010/download/01.mp4,92409278,,01.mp4,
download/video,/Users/aloschilov/Obsidian/Math/DeepLearning/Books/18.06-spring-2010/download/02.mp4,108128339,,02.mp4,
download/video,/Users/aloschilov/Obsidian/Math/DeepLearning/Books/18.06-spring-2010/download/03.mp4,111305176,,03.mp4,
download/video,/Users/aloschilov/Obsidian/Math/DeepLearning/Books/18.06-spring-2010/download/04.mp4,112447812,,04.mp4,
download/video,/Users/aloschilov/Obsidian/Math/DeepLearning/Books/18.06-spring-2010/download/05.mp4,108271626,,05.mp4,
download/video,/Users/aloschilov/Obsidian/Math/DeepLearning/Books/18.06-spring-2010/download/06.mp4,109278726,,06.mp4,
download/video,/Users/aloschilov/Obsidian/Math/DeepLearning/Books/18.06-spring-2010/download/07.mp4,99033441,,07.mp4,
download/video,/Users/aloschilov/Obsidian/Math/DeepLearning/Books/18.06-spring-2010/download/08.mp4,107645832,,08.mp4,
download/video,/Users/aloschilov/Obsidian/Math/DeepLearning/Books/18.06-spring-2010/download/09.mp4,114739484,,09.mp4,
download/video,/Users/aloschilov/Obsidian/Math/DeepLearning/Books/18.06-spring-2010/download/10.mp4,112762733,,10.mp4,
download/video,/Users/aloschilov/Obsidian/Math/DeepLearning/Books/18.06-spring-2010/download/11.mp4,109023514,,11.mp4,
download/video,/Users/aloschilov/Obsidian/Math/DeepLearning/Books/18.06-spring-2010/download/12.mp4,108671533,,12.mp4,
download/video,/Users/aloschilov/Obsidian/Math/DeepLearning/Books/18.06-spring-2010/download/13.mp4,107672964,,13.mp4,
download/video,/Users/aloschilov/Obsidian/Math/DeepLearning/Books/18.06-spring-2010/download/14.mp4,112211308,,14.mp4,
download/video,/Users/aloschilov/Obsidian/Math/DeepLearning/Books/18.06-spring-2010/download/15.mp4,109646680,,15.mp4,
download/video,/Users/aloschilov/Obsidian/Math/DeepLearning/Books/18.06-spring-2010/download/16.mp4,109456489,,16.mp4,
download/video,/Users/aloschilov/Obsidian/Math/DeepLearning/Books/18.06-spring-2010/download/17.mp4,115024152,,17.mp4,
download/video,/Users/aloschilov/Obsidian/Math/DeepLearning/Books/18.06-spring-2010/download/18.mp4,110698833,,18.mp4,
download/video,/Users/aloschilov/Obsidian/Math/DeepLearning/Books/18.06-spring-2010/download/19.mp4,120709015,,19.mp4,
download/video,/Users/aloschilov/Obsidian/Math/DeepLearning/Books/18.06-spring-2010/download/20.mp4,117083205,,20.mp4,
download/video,/Users/aloschilov/Obsidian/Math/DeepLearning/Books/18.06-spring-2010/download/21.mp4,119896123,,21.mp4,
download/video,/Users/aloschilov/Obsidian/Math/DeepLearning/Books/18.06-spring-2010/download/22.mp4,117149002,,22.mp4,
download/video,/Users/aloschilov/Obsidian/Math/DeepLearning/Books/18.06-spring-2010/download/23.mp4,121129627,,23.mp4,
download/video,/Users/aloschilov/Obsidian/Math/DeepLearning/Books/18.06-spring-2010/download/24.mp4,119460500,,24.mp4,
download/video,/Users/aloschilov/Obsidian/Math/DeepLearning/Books/18.06-spring-2010/download/25.mp4,102375409,,25.mp4,
download/video,/Users/aloschilov/Obsidian/Math/DeepLearning/Books/18.06-spring-2010/download/26.mp4,108639956,,26.mp4,
download/video,/Users/aloschilov/Obsidian/Math/DeepLearning/Books/18.06-spring-2010/download/27.mp4,115156838,,27.mp4,
download/video,/Users/aloschilov/Obsidian/Math/DeepLearning/Books/18.06-spring-2010/download/28.mp4,106837103,,28.mp4,
download/video,/Users/aloschilov/Obsidian/Math/DeepLearning/Books/18.06-spring-2010/download/29.mp4,93818080,,29.mp4,
download/video,/Users/aloschilov/Obsidian/Math/DeepLearning/Books/18.06-spring-2010/download/30.mp4,112366254,,30.mp4,
download/video,/Users/aloschilov/Obsidian/Math/DeepLearning/Books/18.06-spring-2010/download/31.mp4,117291876,,31.mp4,
download/video,/Users/aloschilov/Obsidian/Math/DeepLearning/Books/18.06-spring-2010/download/32.mp4,107029665,,32.mp4,
download/video,/Users/aloschilov/Obsidian/Math/DeepLearning/Books/18.06-spring-2010/download/33.mp4,95770123,,33.mp4,
download/video,/Users/aloschilov/Obsidian/Math/DeepLearning/Books/18.06-spring-2010/download/34.mp4,98777983,,34.mp4,
download/subtitle,/Users/aloschilov/Obsidian/Math/DeepLearning/Books/18.06-spring-2010/download/01.srt,70286,4447b25b9eff91cfbd4071167fc9a38f07b2c1d32d8a10184aa071032da6b58b,01.srt,
download/subtitle,/Users/aloschilov/Obsidian/Math/DeepLearning/Books/18.06-spring-2010/download/02.srt,73989,3e93b88f2dbf3b00f7af6152800b268a175c4d2e0b085c66718ee4a15f8dc1b9,02.srt,
download/subtitle,/Users/aloschilov/Obsidian/Math/DeepLearning/Books/18.06-spring-2010/download/03.srt,70703,84d1947b36e7d0be03df4c0bedf6651ead1a0c82a6ff3b6041d1a546f2e7caca,03.srt,
download/subtitle,/Users/aloschilov/Obsidian/Math/DeepLearning/Books/18.06-spring-2010/download/04.srt,49151,ea580042d0954a6808a14f9a274b556569b1718105e2bc782c72b3b741a26a54,04.srt,
download/subtitle,/Users/aloschilov/Obsidian/Math/DeepLearning/Books/18.06-spring-2010/download/05.srt,71226,f97c72c829fdedd3179e8aa6866b98bf1b1b8d03991612e9b231360951d64702,05.srt,
download/subtitle,/Users/aloschilov/Obsidian/Math/DeepLearning/Books/18.06-spring-2010/download/06.srt,72383,4fc3108ec82d5a4a9682637bc947526d43bfa63547e0c544cfe1abffa289cd03,06.srt,
download/subtitle,/Users/aloschilov/Obsidian/Math/DeepLearning/Books/18.06-spring-2010/download/07.srt,66444,28b33329d10086aec2eb09e43381b29ff5d8fc04451a991a4764a5416a16fa5d,07.srt,
download/subtitle,/Users/aloschilov/Obsidian/Math/DeepLearning/Books/18.06-spring-2010/download/08.srt,69858,b080dc334d74313a7f257d38ffe259886280ab6b811cb78d79cb0560f7e788a8,08.srt,
download/subtitle,/Users/aloschilov/Obsidian/Math/DeepLearning/Books/18.06-spring-2010/download/09.srt,76709,9252f338f849372d7a8e994a6d230b51e1035c9e17cf44bd84646e3442543820,09.srt,
download/subtitle,/Users/aloschilov/Obsidian/Math/DeepLearning/Books/18.06-spring-2010/download/10.srt,74572,1ef2475ad350a9ab670e047beda37df9f5fa71279228ae5a09886d8416b6cc4e,10.srt,
download/subtitle,/Users/aloschilov/Obsidian/Math/DeepLearning/Books/18.06-spring-2010/download/11.srt,66610,a9294639f67ef16efb800d0f4f64128ea5b1ff28e3abe5476dd984be8553fd26,11.srt,
download/subtitle,/Users/aloschilov/Obsidian/Math/DeepLearning/Books/18.06-spring-2010/download/12.srt,73517,a7854047a19001a67b5bf45a6507a250eb90f87deb5522f1009718532ec51599,12.srt,
download/subtitle,/Users/aloschilov/Obsidian/Math/DeepLearning/Books/18.06-spring-2010/download/13.srt,72934,4958099b6129473c350d03e94bc2917e2c4b3ac0854dae000b79e5e164b3b047,13.srt,
download/subtitle,/Users/aloschilov/Obsidian/Math/DeepLearning/Books/18.06-spring-2010/download/14.srt,73017,258d5ca6fdd5962c9b4beb14f350abfd9ee25a6bd124828819bd043bc4aac2cb,14.srt,
download/subtitle,/Users/aloschilov/Obsidian/Math/DeepLearning/Books/18.06-spring-2010/download/15.srt,70803,763313ab6d500d9f9706c22d8e0ddd3b99a4a5bb25e80b63e7ed1e6dd385cee0,15.srt,
download/subtitle,/Users/aloschilov/Obsidian/Math/DeepLearning/Books/18.06-spring-2010/download/16.srt,72479,61cd5cd00f29b3cb881fb1482d16cbd37f8f6cfba5fa950c1bacd761a3899e6c,16.srt,
download/subtitle,/Users/aloschilov/Obsidian/Math/DeepLearning/Books/18.06-spring-2010/download/17.srt,75255,4c5569b1ef1ef6d773d2e978514b362a5ee174e8cc3a9d3a43b7b9ea2c570c02,17.srt,
download/subtitle,/Users/aloschilov/Obsidian/Math/DeepLearning/Books/18.06-spring-2010/download/18.srt,72305,9369533ae06af2c22dd7018ce6d3f24dc47fda5e148a090727f315476df1786f,18.srt,
download/subtitle,/Users/aloschilov/Obsidian/Math/DeepLearning/Books/18.06-spring-2010/download/19.srt,91305,b0a4f27dea19b29988cdad71b400372e272b855a75733120404eaf495650f5cf,19.srt,
download/subtitle,/Users/aloschilov/Obsidian/Math/DeepLearning/Books/18.06-spring-2010/download/20.srt,81216,887d2b7af188cda2b93e22578f5d6b63ec880e4e5b88e97bc334b357450ac3cc,20.srt,
download/subtitle,/Users/aloschilov/Obsidian/Math/DeepLearning/Books/18.06-spring-2010/download/21.srt,89715,a6546f3982898faad524fd9febf7088f02ece06001771e60aa8fe2f0afed6585,21.srt,
download/subtitle,/Users/aloschilov/Obsidian/Math/DeepLearning/Books/18.06-spring-2010/download/22.srt,82407,2866c626f9db86cb8307f2995ef2ad0204a3392bb0e80050adbc2fb1f59e5d12,22.srt,
download/subtitle,/Users/aloschilov/Obsidian/Math/DeepLearning/Books/18.06-spring-2010/download/23.srt,81689,76b816310a9dfc864f88704c79af43f4e71f1faa1aad7c1c04665ed5c62f1c65,23.srt,
download/subtitle,/Users/aloschilov/Obsidian/Math/DeepLearning/Books/18.06-spring-2010/download/24.srt,95281,18007bf88ebef082e7704a5a93c33e506efc1189ad15407eb89d9bfc537c6b42,24.srt,
download/subtitle,/Users/aloschilov/Obsidian/Math/DeepLearning/Books/18.06-spring-2010/download/25.srt,77954,d02eb55b367a8ca2d99d5355c25765581f70090cf923010dd5aa7bbe58b72ed1,25.srt,
download/subtitle,/Users/aloschilov/Obsidian/Math/DeepLearning/Books/18.06-spring-2010/download/26.srt,73040,1a7dc87d16915b0a7f8e8d5ef540a95751e892a120dc7ff2cf8377a6dc84a012,26.srt,
download/subtitle,/Users/aloschilov/Obsidian/Math/DeepLearning/Books/18.06-spring-2010/download/27.srt,76304,65a1a659fec5063d4c46fff4560e3d096d6ef923d15ed4580a452cb92d4f48d6,27.srt,
download/subtitle,/Users/aloschilov/Obsidian/Math/DeepLearning/Books/18.06-spring-2010/download/28.srt,79328,014a2fb0bd569a83dbffa6201ac350d636c04f82e5f16c9cb75234372ece7a94,28.srt,
download/subtitle,/Users/aloschilov/Obsidian/Math/DeepLearning/Books/18.06-spring-2010/download/29.srt,66722,2635e841e4358c72339f3f5f02034cd7f9e3d20e5ea4a98337e6472169bb8a81,29.srt,
download/subtitle,/Users/aloschilov/Obsidian/Math/DeepLearning/Books/18.06-spring-2010/download/30.srt,71722,b33db9730beeb29fe455eded55bd3b4a366380151c7e2f196b8ad0e64966a676,30.srt,
download/subtitle,/Users/aloschilov/Obsidian/Math/DeepLearning/Books/18.06-spring-2010/download/31.srt,84149,0521e2c0e6a006d77383bdae2d21f7fe7bc1445837e854e83c09b04e1798ab73,31.srt,
download/subtitle,/Users/aloschilov/Obsidian/Math/DeepLearning/Books/18.06-spring-2010/download/32.srt,75918,78f53e3eafb7d1704605ac187325f77fa3b53c775c2b98b211c66a30b496fe44,32.srt,
download/subtitle,/Users/aloschilov/Obsidian/Math/DeepLearning/Books/18.06-spring-2010/download/33.srt,63808,66d7ad8e6cbe05bb8a3881c64ed3486daa6ba992e0b3816857b9adc82788df58,33.srt,
download/subtitle,/Users/aloschilov/Obsidian/Math/DeepLearning/Books/18.06-spring-2010/download/34.srt,63936,9beae47eed35c76bedaca74e93c8e7a4553c94fffeaba6a99b6ce1c7ac4a12a6,34.srt,
static/pdf/lecture-transcript,/Users/aloschilov/Obsidian/Math/DeepLearning/Books/18.06-spring-2010/static_resources/04979ab05f4f27e621e1e26ece4586fd_MIT18_06S10_L18.pdf,90641,4696df52f045977a287dec26ef23a6ab52d031700958364d2d73641b01e99f30,MIT18_06S10_L18.pdf,
static/pdf/other,/Users/aloschilov/Obsidian/Math/DeepLearning/Books/18.06-spring-2010/static_resources/07f82f7a07458fb3d79d1ba5cf53fa1e_FX4C-JpTFgY.pdf,61781,1fbf339dd11ae89099db85ae40c1145055c0ece94e44e04b307efd245e11fdd0,3play pdf file,
static/pdf/lecture-transcript,/Users/aloschilov/Obsidian/Math/DeepLearning/Books/18.06-spring-2010/static_resources/08e4ccacddfc8dfdb1f84df83b966e8f_MIT18_06S10_L33.pdf,81610,e2b0b4798f45298753540c8cbadcc0de3bebe4dc226817d6424f56bb2fffdd4b,MIT18_06S10_L33.pdf,
static/pdf/lecture-transcript,/Users/aloschilov/Obsidian/Math/DeepLearning/Books/18.06-spring-2010/static_resources/0a004f4b6e3c4d8b70f0cbf9bf4cb7fc_MIT18_06S10_L24.pdf,103202,fa1ae03c9fb15105ef53a3a65c30d6754ed499cea2d748958bf09f94178d1599,MIT18_06S10_L24.pdf,
static/pdf/other,/Users/aloschilov/Obsidian/Math/DeepLearning/Books/18.06-spring-2010/static_resources/0f4bac6de07c6e13d35de60e556af4be_TSdXJw83kyA.pdf,57926,831f65d771123fe2dc36d931612f30f102ef7ed9aacfd909028335c0c579712b,3play pdf file,
static/pdf/other,/Users/aloschilov/Obsidian/Math/DeepLearning/Books/18.06-spring-2010/static_resources/0f4d618b79d74403afcbaef310117f03_TX_vooSnhm8.pdf,51702,4863c8476a60e5338b3752953a266fe15549c1fc2db67b4d257711f192379e29,3play pdf file,
static/pdf/lecture-transcript,/Users/aloschilov/Obsidian/Math/DeepLearning/Books/18.06-spring-2010/static_resources/0fab20a14c050d85ef29563cd6c52d37_MIT18_06S10_L09.pdf,95248,856f9491700d4553e28cd51f837d8c01ccddf0c341663f2b30e19d5e2db30df5,MIT18_06S10_L09.pdf,
static/pdf/other,/Users/aloschilov/Obsidian/Math/DeepLearning/Books/18.06-spring-2010/static_resources/111608202724f78b5b19ef52dcbe61c9_vF7eyJ2g3kU.pdf,59336,335be61c24533af716ebbafed4de9e97c26a2373a19a41b2e3a67085d1b8fff6,3play pdf file,
static/pdf/lecture-transcript,/Users/aloschilov/Obsidian/Math/DeepLearning/Books/18.06-spring-2010/static_resources/16edaa6071e4c657f7426e85c6d757e7_MIT18_06S10_L25.pdf,90112,daeb43d3d35a7624422293b5808b17ef13eb922b89999f1d13cea970665d1c31,MIT18_06S10_L25.pdf,
static/pdf/lecture-transcript,/Users/aloschilov/Obsidian/Math/DeepLearning/Books/18.06-spring-2010/static_resources/18d1a0a50c5d91ead6f30195cc161f20_MIT18_06S10_L03.pdf,88542,49653cac9ed015437e50fe06b1b9ab8c82025067dc39b884428fd0942754589e,MIT18_06S10_L03.pdf,
static/pdf/lecture-transcript,/Users/aloschilov/Obsidian/Math/DeepLearning/Books/18.06-spring-2010/static_resources/1d48511dfc3158b035ab92820c9a41cd_MIT18_06S10_L07.pdf,88873,29c6ed4e467ed98766864f852bfe1d1c8391a3e47d9b87040b50e6066f1be1ec,MIT18_06S10_L07.pdf,
static/pdf/lecture-transcript,/Users/aloschilov/Obsidian/Math/DeepLearning/Books/18.06-spring-2010/static_resources/2044960c6bdf6d9dd095ec65a7995e02_MIT18_06S10_L19.pdf,107805,589c9a0cf76c879edcbc9b79dbd8ec2602805d843c4f76b0ebffe76842af3c57,MIT18_06S10_L19.pdf,
static/pdf/problem-set-solution,/Users/aloschilov/Obsidian/Math/DeepLearning/Books/18.06-spring-2010/static_resources/22297c2a6dcf06d82e93ee4af115e91a_MIT18_06S10_pset1_s10_soln.pdf,227552,6b5486a2f40a6a6bde5fa5b0dba2ac10c175bff00e139c0db435ee192a3d9db7,Problem Set 1 Solutions,Problem Sets;Problem Set Solutions
static/pdf/other,/Users/aloschilov/Obsidian/Math/DeepLearning/Books/18.06-spring-2010/static_resources/224769c9e399493a99ac441ba670eebf_9Q1q7s1jTzU.pdf,56801,a50f847ba34355cc453a2657577c00735ad8efae0121866fb0a74747931cba9e,3play pdf file,
static/pdf/other,/Users/aloschilov/Obsidian/Math/DeepLearning/Books/18.06-spring-2010/static_resources/23a10f36b05bb0a614ffed0c9e173ae8_Nx0lRBaXoz4.pdf,51702,656568d6b02158242b297a2be45ece1da9e46c54f4d25b92ec26709c2fe444bd,23a10f36b05bb0a614ffed0c9e173ae8_Nx0lRBaXoz4.pdf,
static/pdf/other,/Users/aloschilov/Obsidian/Math/DeepLearning/Books/18.06-spring-2010/static_resources/24f7f9a2b23f81003dfdf6c146e123b7_7UJ4CFRGd-U.pdf,19856,2c29df2b986a337eeb4fa701655f7db0ad2e733d96ff10e05038a6e169f3fbbd,3play pdf file,
static/pdf/lecture-transcript,/Users/aloschilov/Obsidian/Math/DeepLearning/Books/18.06-spring-2010/static_resources/25b272e031b673f77a0377e68f512ead_MIT18_06S10_L26.pdf,93015,f61af2b3f8602f7a5161505e554cee84b5faaf19ec259259b7977842633505d6,MIT18_06S10_L26.pdf,
static/pdf/other,/Users/aloschilov/Obsidian/Math/DeepLearning/Books/18.06-spring-2010/static_resources/276d6285a79cd8ae1e6a23fabee4f836_lXNXrLcoerU.pdf,67800,e291743101ebca9e3177b72ccd986278312eee0964b22a55793bea4f9e9437f0,276d6285a79cd8ae1e6a23fabee4f836_lXNXrLcoerU.pdf,
static/pdf/lecture-transcript,/Users/aloschilov/Obsidian/Math/DeepLearning/Books/18.06-spring-2010/static_resources/29a5c9f572b39efa94c91969f4c1dd8b_MIT18_06S10_L22.pdf,102076,2e127b0df34df4e5cd03c811cefc71b0750c1a58ff77ee52d8df71d85b3d7a7f,MIT18_06S10_L22.pdf,
static/pdf/other,/Users/aloschilov/Obsidian/Math/DeepLearning/Books/18.06-spring-2010/static_resources/2b2efb9e2305ba1d537290b2fc2f40cf_vGkn-3NFGck.pdf,61086,c55b8e3ddc49420ac1cdfff53d55aaa83f690a8c086d1056c8ce1a9e164102eb,2b2efb9e2305ba1d537290b2fc2f40cf_vGkn-3NFGck.pdf,
static/pdf/other,/Users/aloschilov/Obsidian/Math/DeepLearning/Books/18.06-spring-2010/static_resources/2c925bea168888404287bb6b848f79ca_MIT18_06S10_symmbases.pdf,76451,f111acdeaf2cdfbee6e7142bc2d1eeb91dc7fe19ae92f2cba1c9ef507d5b131c,A Basis for 3 by 3 Symmetric Matrices,Readings
static/pdf/other,/Users/aloschilov/Obsidian/Math/DeepLearning/Books/18.06-spring-2010/static_resources/36ad03fa0fce88a4b97f846156c11b8b_yjBerM5jWsc.pdf,62016,a44b1a55c31e79bd0a0203d0f879f2f70bb96f37f3be210420ce970f9d372d9e,3play pdf file,
static/pdf/lecture-transcript,/Users/aloschilov/Obsidian/Math/DeepLearning/Books/18.06-spring-2010/static_resources/37c203da0f0a780809072f41816a3a8a_MIT18_06S10_L15.pdf,90989,37395f9c9a24a8b02681bfa59ad0eaf3a17f9b44f8c542af9b8862d9be8e325a,MIT18_06S10_L15.pdf,
static/pdf/other,/Users/aloschilov/Obsidian/Math/DeepLearning/Books/18.06-spring-2010/static_resources/3a4c9c7a6e90be05bff41ffcda51cf24_QuZL5IKpO_U.pdf,62082,a905025e6a82d519b35b2ee5b0bc62c21127dbf333def2568bfc2f3cd8e341b3,3play pdf file,
static/pdf/lecture-transcript,/Users/aloschilov/Obsidian/Math/DeepLearning/Books/18.06-spring-2010/static_resources/3be3017cefe4dda20b6f1cb8a9c78c65_MIT18_06S10_L04.pdf,94034,c25036b709058ada92496c9de489d10304e5f92eb7098d9859f91d8cf9ddb721,MIT18_06S10_L04.pdf,
static/pdf/lecture-transcript,/Users/aloschilov/Obsidian/Math/DeepLearning/Books/18.06-spring-2010/static_resources/3d558eb07500e733e88234c73d4afa80_MIT18_06S10_L32.pdf,90972,0515ac7feae7fb2fa6a8774bf8b9800074e1533fbebb125ce0a0b4a49dfdb3b0,MIT18_06S10_L32.pdf,
static/pdf/other,/Users/aloschilov/Obsidian/Math/DeepLearning/Books/18.06-spring-2010/static_resources/43fde1e3a065f6befd9c6d5a804a68f6_uNsCkP9mgRk.pdf,58365,8986caee8ad227ec9c1fd0594cbf7c2e8b48c14c33376b320d8c15a578917f34,43fde1e3a065f6befd9c6d5a804a68f6_uNsCkP9mgRk.pdf,
static/pdf/lecture-transcript,/Users/aloschilov/Obsidian/Math/DeepLearning/Books/18.06-spring-2010/static_resources/44816c03f1051520098f3408e4f55a12_MIT18_06S10_L34.pdf,82449,82fb4e824b8a04bb3c72a6353239291fe613aa282cb91f474fb6f2ebbe20c84b,MIT18_06S10_L34.pdf,
static/pdf/exam,/Users/aloschilov/Obsidian/Math/DeepLearning/Books/18.06-spring-2010/static_resources/45790724487e46dcc02f55d0fc092ab7_MIT18_06S10_Final_Answers.pdf,362592,5cd631db8dfbc266d766c9fc2eb8e0e7a52226083dc317379825b9aaae5048aa,Final exam with solutions,Exams with Solutions
static/pdf/lecture-transcript,/Users/aloschilov/Obsidian/Math/DeepLearning/Books/18.06-spring-2010/static_resources/46108efb43dcf33e989eb5e101fcf9b5_MIT18_06S10_L31.pdf,95934,087d19e1e46876ef3bea20e5c38756acba7d7ca224b9b87f65708787840262ec,MIT18_06S10_L31.pdf,
static/pdf/other,/Users/aloschilov/Obsidian/Math/DeepLearning/Books/18.06-spring-2010/static_resources/47d18e420743b6c0ff2851531f805bfc_YzZUIYRCE38.pdf,61207,eec99fcf0a3b62d6a70f3cc0a01495beca537ab9c15d9de435ed1207adff11eb,3play pdf file,
static/pdf/other,/Users/aloschilov/Obsidian/Math/DeepLearning/Books/18.06-spring-2010/static_resources/49c357a7166c58e09f76f25512872fd9_QVKj3LADCnA.pdf,58640,fe264b6cc4a8eb92359e7288b5e6af46542020abcc46929d05adb89ee2c36dbc,3play pdf file,
static/pdf/problem-set-solution,/Users/aloschilov/Obsidian/Math/DeepLearning/Books/18.06-spring-2010/static_resources/4d1ef28c0836e81caec9122a69c7b931_MIT18_06S10_pset7_s10_soln.pdf,113779,147450302a4d79502d789426939e171b7ce8dfebad4aa2fbc666e0508d3e0f3f,Problem Set 7 Solutions,Problem Sets;Problem Set Solutions
static/pdf/other,/Users/aloschilov/Obsidian/Math/DeepLearning/Books/18.06-spring-2010/static_resources/4d876a9159e32543eb0d73b4d4382f4c_MIT18_06S10ZoomNotes.pdf,626190,fc5a449b797478be15171ade92cd11ea15559c42eeeb9a252bcdab325ec7b344,ZoomNotes for Linear Algebra,Readings
static/pdf/problem-set-solution,/Users/aloschilov/Obsidian/Math/DeepLearning/Books/18.06-spring-2010/static_resources/4ece22f9c707878e1e57b9840469490e_MIT18_06S10_pset4_s10_soln.pdf,205966,a0ee7322f100b7559082145ab06bdef2b3b2e4d72d0169fc176936fe2d443dbb,Problem Set 4 Solutions,Problem Sets;Problem Set Solutions
static/pdf/lecture-transcript,/Users/aloschilov/Obsidian/Math/DeepLearning/Books/18.06-spring-2010/static_resources/50702172c7cdc969615b81e6f22499fd_MIT18_06S10_L01.pdf,87228,d304c32a3e2e0c0efe13204633b31fffd2994a70493211945292989cd12e2e97,MIT18_06S10_L01.pdf,
static/pdf/other,/Users/aloschilov/Obsidian/Math/DeepLearning/Books/18.06-spring-2010/static_resources/52823bc4563ea1482bb5cd7c36c60d1e_8o5Cmfpeo6g.pdf,63124,41eddebdf3159c7964d83e5defee32c452a6e0709024ff43e499907b86b3263a,3play pdf file,
static/pdf/other,/Users/aloschilov/Obsidian/Math/DeepLearning/Books/18.06-spring-2010/static_resources/55c07f16c1f8592e3f0457652ab11634_nHlE7EgJFds.pdf,62084,f3724180fafd2cf6639f0172669d9a8741f0b79cf0670d12525ec0d88d6cdda7,3play pdf file,
static/pdf/other,/Users/aloschilov/Obsidian/Math/DeepLearning/Books/18.06-spring-2010/static_resources/55da11f77a97298e289472a651e76f4f_2IdtqGM6KWU.pdf,56585,4114c462e99a49c5acc6fcb78d020d5e3461a11ec1abafcbf00ed82146c91ee8,3play pdf file,
static/pdf/other,/Users/aloschilov/Obsidian/Math/DeepLearning/Books/18.06-spring-2010/static_resources/583f8dc980a005b1b4d4e5f134fe54c4_RWvi4Vx4CDc.pdf,54720,c150f1e07030a4ff55d16ebbcf81729c998032d33eb2b889a79488fa6a537258,3play pdf file,
static/pdf/problem-set-solution,/Users/aloschilov/Obsidian/Math/DeepLearning/Books/18.06-spring-2010/static_resources/58e62cc93e3e8b6cb52e72fa5830fc4e_MIT18_06S10_pset9_s10_soln.pdf,252520,055bb017b5133ea480ebe2f8f4e6c384d966eb642938f3ccf9843ad93fee4993,Problem Set 9 Solutions,Problem Sets;Problem Set Solutions
static/pdf/other,/Users/aloschilov/Obsidian/Math/DeepLearning/Books/18.06-spring-2010/static_resources/5999377c0389e31b65d53b6f1b8fc3a8_8MF3pz-oYHo.pdf,64347,f61c8f7dc3439fc46842b09893284f3813ccbf23ae649185c8f3375e2f01b763,5999377c0389e31b65d53b6f1b8fc3a8_8MF3pz-oYHo.pdf,
static/pdf/other,/Users/aloschilov/Obsidian/Math/DeepLearning/Books/18.06-spring-2010/static_resources/5b376d43a2a5dd24d86e69aa67406111_VqP2tREMvt0.pdf,54560,94a315291eb866d95eea47c2e9d90a844425f22688ed40f07ed00b4df9ac3777,3play pdf file,
static/pdf/other,/Users/aloschilov/Obsidian/Math/DeepLearning/Books/18.06-spring-2010/static_resources/5b675f448f72e8c01d2d0a1ed62b98df_HgC1l_6ySkc.pdf,61957,22b83ab59a1a3410e264d4f87283e6e114d4842c2b9a481361a2565bdf764ebf,3play pdf file,
static/pdf/lecture-transcript,/Users/aloschilov/Obsidian/Math/DeepLearning/Books/18.06-spring-2010/static_resources/617515a90ae97a0810cc3aea8d9640d8_MIT18_06S10_L14.pdf,91955,f8c98c2afdc84b36b8a2dad22bdf35a1051d7218becd5dce6f2cbfbfe99b42c3,MIT18_06S10_L14.pdf,
static/pdf/other,/Users/aloschilov/Obsidian/Math/DeepLearning/Books/18.06-spring-2010/static_resources/63af0d426b1415305114019a73e92e4f_l88D4r74gtM.pdf,61135,e49e12f61a7487c7867d3368b8c2e80bfb76d9b5dabecb04989081b48ad38a40,3play pdf file,
static/pdf/lecture-transcript,/Users/aloschilov/Obsidian/Math/DeepLearning/Books/18.06-spring-2010/static_resources/650a197f93607b9751e0cc4b5a11b647_MIT18_06S10_L20.pdf,100258,3a2be6be93509dad6f83df74275142af8ab5be018deae90f174240b1673a7490,MIT18_06S10_L20.pdf,
static/pdf/other,/Users/aloschilov/Obsidian/Math/DeepLearning/Books/18.06-spring-2010/static_resources/663be56a2eff97777c7ee38c61a04950_ZK3O402wf1c.pdf,54497,f57ed919be151fed68f972b9a02f18b9691cb994af507046f7b27d1e2684f074,663be56a2eff97777c7ee38c61a04950_ZK3O402wf1c.pdf,
static/pdf/other,/Users/aloschilov/Obsidian/Math/DeepLearning/Books/18.06-spring-2010/static_resources/68440cfc1e8760b75bddc09bc8d374d6_M0Sa8fLOajA.pdf,58786,42f8132451f0702516cb8697d0b9315ec1308528d914df7f54aad5e787bea849,3play pdf file,
static/pdf/other,/Users/aloschilov/Obsidian/Math/DeepLearning/Books/18.06-spring-2010/static_resources/6d67704459268b5517f5f800a2aae300_IZqwi0wJovM.pdf,63807,b5ff3242193ade75281f0020a5190de93252c1b07e6c55ce23bd652b8ef6f71b,3play pdf file,
static/pdf/problem-set-solution,/Users/aloschilov/Obsidian/Math/DeepLearning/Books/18.06-spring-2010/static_resources/6e0208c1241f197797f2757d680740c0_MIT18_06S10_pset8_s10_soln.pdf,182430,a0f081d62d0091ee7dcc2a7b05958f3153ba2d47e775624d42426ada3f030290,Problem Set 8 Solutions,Problem Sets;Problem Set Solutions
static/pdf/lecture-transcript,/Users/aloschilov/Obsidian/Math/DeepLearning/Books/18.06-spring-2010/static_resources/71bffaffa75c005516ee010daf17868b_MIT18_06S10_L30.pdf,88563,c458254e2435f78ebebead2a31e857bab09206428f0ee72cf7100b34e3a5aff3,MIT18_06S10_L30.pdf,
static/pdf/other,/Users/aloschilov/Obsidian/Math/DeepLearning/Books/18.06-spring-2010/static_resources/768d6fe735722547c3f5e74824532c53_MIT18_06S10_gramschmidtmat.pdf,97990,d98c7da70cbbc910e236aa1852039fc0e4090df964c54c61dc63785f5816b1e6,Gram-Schmidt in 9 lines of MATLAB,Readings
static/pdf/other,/Users/aloschilov/Obsidian/Math/DeepLearning/Books/18.06-spring-2010/static_resources/7ad2350defc787c1261729c57131ec6c_Ts3o2I8_Mxc.pdf,54843,25a312f0afae9b6b9ccfa048b73c7a32ff2839ceda7025626a57b3222d60ccdb,3play pdf file,
static/pdf/exam,/Users/aloschilov/Obsidian/Math/DeepLearning/Books/18.06-spring-2010/static_resources/892238e7e16a658abd5813bea8399170_MIT18_06S10_exam2_s10.pdf,72004,ca54e2175f51c144e678668e7e3aee3c6cfc8be229ccdf06f57bcc238a8fa842,Exam 2,Exams
static/pdf/lecture-transcript,/Users/aloschilov/Obsidian/Math/DeepLearning/Books/18.06-spring-2010/static_resources/8b5607dd65cba1eef1e94f6b9eaf3c5a_MIT18_06S10_L16.pdf,93471,ad181df1907bc25abb05730aab94bafeb00cabd8bea836c68c9e29dc20b3bacb,MIT18_06S10_L16.pdf,
static/pdf/other,/Users/aloschilov/Obsidian/Math/DeepLearning/Books/18.06-spring-2010/static_resources/8d0f7baefcedee6596eaab43c55122fe_cdZnhQjJu4I.pdf,67800,2377fbbf7589bc19e80b0305109967bdc26f135c880979e30ba80bd32ff7f711,3play pdf file,
static/pdf/lecture-transcript,/Users/aloschilov/Obsidian/Math/DeepLearning/Books/18.06-spring-2010/static_resources/8d2a6e4a1997a83dfad0c1cf32243ad4_MIT18_06S10_L08.pdf,90012,79828cdedc484703407791c4bdec71f90fcbbde92619b1c4a994ec5d44d6d7df,MIT18_06S10_L08.pdf,
static/pdf/lecture-transcript,/Users/aloschilov/Obsidian/Math/DeepLearning/Books/18.06-spring-2010/static_resources/9697b309089fad2aefcbf5779c5bc3b2_MIT18_06S10_L28.pdf,90917,90cbe1c541d0726d01b6866b6c12d4e7ce4c3f2ab0924cbe9eb8bc2b0619b009,MIT18_06S10_L28.pdf,
static/pdf/other,/Users/aloschilov/Obsidian/Math/DeepLearning/Books/18.06-spring-2010/static_resources/96a31504ec5d489d84113320b593eb0d_Y_Ac6KiQ1t0.pdf,58648,389341f1c9b7da95d19e340ca505209968746119f80845467755668237321ecf,3play pdf file,
static/pdf/lecture-transcript,/Users/aloschilov/Obsidian/Math/DeepLearning/Books/18.06-spring-2010/static_resources/9782741af47924e64ec66796ccd7b8f1_MIT18_06S10_L13.pdf,92518,40530ab98fe295a76b38f11d668fba28807464b49a0588d66b92b9d2341ccd4f,MIT18_06S10_L13.pdf,
static/pdf/other,/Users/aloschilov/Obsidian/Math/DeepLearning/Books/18.06-spring-2010/static_resources/97d6f5b086c8ec945b49c323ade7d497_umt6BB1nJ4w.pdf,54922,0978acc07293e88714c5222f98fb1f40a31006df8c75d0ee05c7e1aac666807e,97d6f5b086c8ec945b49c323ade7d497_umt6BB1nJ4w.pdf,
static/pdf/problem-set-solution,/Users/aloschilov/Obsidian/Math/DeepLearning/Books/18.06-spring-2010/static_resources/99823819ffda7c97ddee8abd68ca8764_MIT18_06S10_pset3_s10_soln.pdf,159474,59019949974ac56bda750b5879d9860507803392a384db2f12037a5954827fd9,Problem Set 3 Solutions,Problem Sets;Problem Set Solutions
static/pdf/other,/Users/aloschilov/Obsidian/Math/DeepLearning/Books/18.06-spring-2010/static_resources/9b0893ca08839ff0135607ed17919706_z_zYQHmrh08.pdf,57926,e5a54dc758b2e8e9d5152a41138896a355cfbcf13626f7fdeb0a5726877b0950,9b0893ca08839ff0135607ed17919706_z_zYQHmrh08.pdf,
static/pdf/other,/Users/aloschilov/Obsidian/Math/DeepLearning/Books/18.06-spring-2010/static_resources/9ba2304f3bc403aa625e99238d6195f7_Go2aLo7ZOlU.pdf,51737,2b092f0e95d1fad50db61b5f0ce0977db9313539acf7e30d73fa626a25651f7a,3play pdf file,
static/pdf/other,/Users/aloschilov/Obsidian/Math/DeepLearning/Books/18.06-spring-2010/static_resources/9c507ce90715ff08ef19d404938a00fa_srxexLishgY.pdf,59389,054a95c102d383e0d43e75ff429dc2fa088e41f5439beb4ed6b93e84794b9c07,3play pdf file,
static/pdf/lecture-transcript,/Users/aloschilov/Obsidian/Math/DeepLearning/Books/18.06-spring-2010/static_resources/9cb83a0577c3dc33611be2257d35c403_MIT18_06S10_L24b.pdf,97819,057b1c3dfba77b2ab18db7473af4eea6cad3c971e0860fa5828ad61906e484c0,MIT18_06S10_L24b.pdf,
static/pdf/lecture-transcript,/Users/aloschilov/Obsidian/Math/DeepLearning/Books/18.06-spring-2010/static_resources/9cef4e6897e0d0369ef68d26fd19aff2_MIT18_06S10_L05.pdf,92029,62c7cb6285dbba33e735734b0d7f8c81833394d687ee30dcfedf58a3cd4076d3,MIT18_06S10_L05.pdf,
static/pdf/other,/Users/aloschilov/Obsidian/Math/DeepLearning/Books/18.06-spring-2010/static_resources/a587f8613d33cc5ccd1428584defaf61_6-wh6yvk6uc.pdf,63027,fdafe97be2e9899fc07abf01c60387476433793d61ea4332ab1eab40fc388b10,3play pdf file,
static/pdf/other,/Users/aloschilov/Obsidian/Math/DeepLearning/Books/18.06-spring-2010/static_resources/a77a2a3a8c01d73741727acb73bffb69_lGGDIGizcQ0.pdf,64347,20391c1f7aa8b49e4a68fcb3d4abdf20b7b1d7f9544d22be53b0fe292cde312c,3play pdf file,
static/pdf/other,/Users/aloschilov/Obsidian/Math/DeepLearning/Books/18.06-spring-2010/static_resources/a7d11b1b00c1c2bd2574c3f896ce4eb3_MIT18_06S10_matlab.pdf,159676,56b9819f17e83a3e89c7f5079b6e5d7cacd8cd407f282b00110faf5a6c9442a2,MATLAB Tutorial,Readings
static/pdf/other,/Users/aloschilov/Obsidian/Math/DeepLearning/Books/18.06-spring-2010/static_resources/ab1c275d516e1878176ce956af1bf246_0h43aV4aH7I.pdf,61086,db1562a1fe927fe13fe7e75590b1d29c03d3408d72f9b4d211ba152d41b14b87,3play pdf file,
static/pdf/problem-set-solution,/Users/aloschilov/Obsidian/Math/DeepLearning/Books/18.06-spring-2010/static_resources/ace08d2d5a7b321229f191765c5ff2e3_MIT18_06S10_pset6_s10_soln.pdf,353084,9126b0f204142e3f6e4cfa853ef571092c6d21e27e68ae4707be4955319c363f,Problem Set 6 Solutions,Problem Sets;Problem Set Solutions
static/pdf/lecture-transcript,/Users/aloschilov/Obsidian/Math/DeepLearning/Books/18.06-spring-2010/static_resources/ad11f4a161dcd3d2c776d97cdd3c748f_MIT18_06S10_L29.pdf,80006,b2eb52fcf406c0d15d6007a72aa81facf171bcae114acddff2ced155ec88adcb,MIT18_06S10_L29.pdf,
static/pdf/other,/Users/aloschilov/Obsidian/Math/DeepLearning/Books/18.06-spring-2010/static_resources/b05d83bbdd6bcc995f2f8002093010c6_osh80YCg_GM.pdf,55658,7baf098e2368fa6fae26b7ee155b248411a1bac2963145f67055cfca05da3b12,3play pdf file,
static/pdf/exam,/Users/aloschilov/Obsidian/Math/DeepLearning/Books/18.06-spring-2010/static_resources/b799045edd80df18879088bcf872b214_MIT18_06S10_Final_Exam.pdf,106909,b00f7875413fe86fd6d33ecb7b5e959d76a9e3f3e93c4bca51716dbb2133d151,Final Exam,Exams
static/pdf/exam,/Users/aloschilov/Obsidian/Math/DeepLearning/Books/18.06-spring-2010/static_resources/b7efef974f7a2c8b5c925f5ea8fc9152_MIT18_06S10_exam1_s10_sol.pdf,122093,d263d3417d722e3f0f93b67aeff95bb7ae7d896554114e3af0d86363f2258d59,Exam 1 solutions,Exams with Solutions
static/pdf/other,/Users/aloschilov/Obsidian/Math/DeepLearning/Books/18.06-spring-2010/static_resources/bcac89b9054d2f1b8efc7b8c1a859068_MsIvs_6vC38.pdf,62042,e7182ba627603a7e4285060ebce946a7e13c0f4c14448fdbbdf12e14bfa7d68f,3play pdf file,
static/pdf/lecture-transcript,/Users/aloschilov/Obsidian/Math/DeepLearning/Books/18.06-spring-2010/static_resources/bdefda5baee6ea0053bcd56eccabed15_MIT18_06S10_L06.pdf,90499,ddccc03e1df74b53a66f19373aa707685248508759b30591d0493191f43306f9,MIT18_06S10_L06.pdf,
static/pdf/lecture-transcript,/Users/aloschilov/Obsidian/Math/DeepLearning/Books/18.06-spring-2010/static_resources/beb0af47395afc99fabf9cb77cc82517_MIT18_06S10_L10.pdf,92798,9090123cbc041bcec6d9bd1dbd1a75144e48932cc91a3ee589bc408fe2e8b8e7,MIT18_06S10_L10.pdf,
static/pdf/lecture-transcript,/Users/aloschilov/Obsidian/Math/DeepLearning/Books/18.06-spring-2010/static_resources/c1729bd4d02104d1632a4dd8cc63d055_MIT18_06S10_L11.pdf,87034,ed42f5bbe2d2f03f4af4acfbebdf1d7e69ab69bb1d32b633ce7b49e7313aa351,MIT18_06S10_L11.pdf,
static/pdf/other,/Users/aloschilov/Obsidian/Math/DeepLearning/Books/18.06-spring-2010/static_resources/c69adb4aa79fccdc5d4225163689471e_JibVXBElKL0.pdf,58316,811144b4c24fe92c19ced650582d43d9106e3955d5d0a9041ca5d193a8a80e6a,3play pdf file,
static/pdf/exam,/Users/aloschilov/Obsidian/Math/DeepLearning/Books/18.06-spring-2010/static_resources/c72789c2ac2ccaf5568a024c662882d2_MIT18_06S10_exam3_s10.pdf,87730,a2388d7d6506b111d12f9c61d79511f7d4577bf9c0d7040633444e102f57dc6d,Exam 3,Exams
static/pdf/problem-set-solution,/Users/aloschilov/Obsidian/Math/DeepLearning/Books/18.06-spring-2010/static_resources/d039352aaa83a27f11bb2b3778ecfa96_MIT18_06S10_pset2_s10_soln.pdf,146109,e8d01d249fff0ea7d9a8f85a672a74ee498e1464264cefd87fdc94c4eb55a6f8,Problem Set 2 Solutions,Problem Sets;Problem Set Solutions
static/pdf/other,/Users/aloschilov/Obsidian/Math/DeepLearning/Books/18.06-spring-2010/static_resources/d61af89db7c6303dc024e52d8ff18f96_MIT18_06S10_pascal_work.pdf,258737,fdf3d00a994ae88388ecb3cc17f93abcb75130ac6f155de24a660e05ad872846,Pascal Matrices,Readings
static/pdf/exam,/Users/aloschilov/Obsidian/Math/DeepLearning/Books/18.06-spring-2010/static_resources/d669bf89c103559d51427d0916c5db61_MIT18_06S10_exam2_s10_soln.pdf,134448,bba3056cc2f8e29b5656f95fec248bcfe0cd79a3d2c9157a895fb3518c5dafc4,Exam 2 solutions,Exams with Solutions
static/pdf/lecture-transcript,/Users/aloschilov/Obsidian/Math/DeepLearning/Books/18.06-spring-2010/static_resources/d79b8aef4f100537a4575eff31873b5c_MIT18_06S10_L27.pdf,92498,521e250462197f21315737903be458027382e11a279c290f0e090137b2edc16c,MIT18_06S10_L27.pdf,
static/pdf/lecture-transcript,/Users/aloschilov/Obsidian/Math/DeepLearning/Books/18.06-spring-2010/static_resources/d9d9d4782a0e31f7cce8bc2c0dc32f64_MIT18_06S10_L17.pdf,92974,c2aa91501a95e1f54c3d3b646b2aaf5a66398c54b124ab14a8776082845fc73b,MIT18_06S10_L17.pdf,
static/pdf/lecture-transcript,/Users/aloschilov/Obsidian/Math/DeepLearning/Books/18.06-spring-2010/static_resources/da601f10fd86ba00d14b378327561b84_MIT18_06S10_L02.pdf,91577,6f1ad155e7fc8dd7da3f3b4bbaed91f5836b169f3331a61322265c7281f3e887,MIT18_06S10_L02.pdf,
static/pdf/other,/Users/aloschilov/Obsidian/Math/DeepLearning/Books/18.06-spring-2010/static_resources/da71212339f0c4748f78f16a4284e462_sFxA8eIS6tA.pdf,62082,34fbe1e809eb188adefaadf6aed47ab4178816069563215988445ebcc0f32960,da71212339f0c4748f78f16a4284e462_sFxA8eIS6tA.pdf,
static/pdf/other,/Users/aloschilov/Obsidian/Math/DeepLearning/Books/18.06-spring-2010/static_resources/de52fa820f50feb22e656ebf77c26308_QNpj-gOXW9M.pdf,64578,7b4fc51c382cde20422cc6aeeef08097b7e1c218f1139c2987b6830ac8f80935,3play pdf file,
static/pdf/lecture-transcript,/Users/aloschilov/Obsidian/Math/DeepLearning/Books/18.06-spring-2010/static_resources/e30811f88a051e74802bfa1a03c2a625_MIT18_06S10_L12.pdf,91545,7cce5785305c0ea7fd08a78c9a41886bb9d20ac59edb512b8a5fefa45b0ab57a,MIT18_06S10_L12.pdf,
static/pdf/other,/Users/aloschilov/Obsidian/Math/DeepLearning/Books/18.06-spring-2010/static_resources/e6dfacf484d184018188a4e70f93db81_13r9QY6cmjc.pdf,66071,005f9d64142243077777744e124cceb5c4805d1a23ee24ac97cc48687d3c4704,3play pdf file,
static/pdf/problem-set-solution,/Users/aloschilov/Obsidian/Math/DeepLearning/Books/18.06-spring-2010/static_resources/e6ea5d4104066f874afe1c34e06b8268_MIT18_06S10_pset10_s10_sol.pdf,193967,780940ab2945b211a071dba2a81a66ebb41fcb7b19df838f2833112047300f7c,Problem Set 10 Solutions,Problem Sets;Problem Set Solutions
static/pdf/lecture-transcript,/Users/aloschilov/Obsidian/Math/DeepLearning/Books/18.06-spring-2010/static_resources/e820a9d3c5709407ebbd6cf8a065d1ed_MIT18_06S10_L21.pdf,98898,cdc1d70d3ceb8a3b562a5e7322400c49450238b54f46c0001cca9a5652ab640a,MIT18_06S10_L21.pdf,
static/pdf/other,/Users/aloschilov/Obsidian/Math/DeepLearning/Books/18.06-spring-2010/static_resources/e87f2914b2eb2f53e38688040c04b9b1_0MtwqhIwdrI.pdf,62656,15786c4a4ba457e5887687d67ca18f265145f824d87146b4c45c7e4596f4158e,3play pdf file,
static/pdf/other,/Users/aloschilov/Obsidian/Math/DeepLearning/Books/18.06-spring-2010/static_resources/e92d794482d7b331dfa7f9324f2f5150_UCc9q_cAhho.pdf,54922,eef03f48996cf4e32b2dbb10023d0ea26b1bcf9d927997cdfa84894414ba7a06,3play pdf file,
static/pdf/exam,/Users/aloschilov/Obsidian/Math/DeepLearning/Books/18.06-spring-2010/static_resources/e9bbec7a9a25a87715e8edd75e21d7b9_MIT18_06S10_exam1_s10.pdf,62725,b5f28732378182d884e9cf7dcc711ea7c8bdba288c7933975697a1db10a2fff2,Exam 1,Exams
static/pdf/exam,/Users/aloschilov/Obsidian/Math/DeepLearning/Books/18.06-spring-2010/static_resources/edf08929f3b2b435c7d8ca85e8d5118d_MIT18_06S10_exam3_s10_soln.pdf,120299,ae83b5f53fbbcb2253ae8a14b6c69f154ffe8ef7695dd00489dfcab040259e40,Exam 3 solutions,Exams with Solutions
static/pdf/problem-set-solution,/Users/aloschilov/Obsidian/Math/DeepLearning/Books/18.06-spring-2010/static_resources/ef8cf047287bc629eb243a691340c823_MIT18_06S10_pset5_s10_soln.pdf,156072,87e6312572339b0bec0f82cfc493611ed15d3cc38d4b8bc2c1fb97c297b5a2dc,Problem Set 5 Solutions,Problem Sets;Problem Set Solutions
static/pdf/other,/Users/aloschilov/Obsidian/Math/DeepLearning/Books/18.06-spring-2010/static_resources/f4e7ccf6e84b66c908c250fb85323f64_J7DzL2_Na80.pdf,54497,2c4dc37cb6f3562a6b5f627fe457543e8c29dd4685f722598cbd7fa0e6a9b538,3play pdf file,
static/pdf/other,/Users/aloschilov/Obsidian/Math/DeepLearning/Books/18.06-spring-2010/static_resources/fa572a369c5feb991dabe351a9741f03_23LLB9mNJvc.pdf,71694,c6c8154175bf2d358a0dbc12b3e1436f0eb9b109c2589c604ee845f630004b30,3play pdf file,
static/pdf/lecture-transcript,/Users/aloschilov/Obsidian/Math/DeepLearning/Books/18.06-spring-2010/static_resources/fffec996d9d247718d57dbe9147a0bac_MIT18_06S10_L23.pdf,99758,b529a7bfb0fcabc187fd4089859983f0b7943ee9449d5019d6bbb41860ef065d,MIT18_06S10_L23.pdf,
static/pdf/other,/Users/aloschilov/Obsidian/Math/DeepLearning/Books/18.06-spring-2010/static_resources/lUUte2o2Sn8_transcript.pdf,76303,13b35b99c4a0e32ac9f09865904e8296ca0dce0e154dcdbbf51d1d2d5a8b4200,Gil Strang's Final 18.06 Linear Algebra Lecture transcript,
static/image,/Users/aloschilov/Obsidian/Math/DeepLearning/Books/18.06-spring-2010/static_resources/00967a4b69ffa77d729fbef2a9faeb1f_18.06_L03.jpg,3666,58fb16b869cdff319b64b60e001f486a2b8f96a9c71f7db1fc50ff598e4cd23a,18.06_L03.jpg,
static/image,/Users/aloschilov/Obsidian/Math/DeepLearning/Books/18.06-spring-2010/static_resources/044fe7952192dabe8f4a4536d45bb50a_18.06_L19.jpg,3610,b4c32172ece1341ab340ce6d124109612d084eaa462167ee2e90134e8f75cc56,18.06_L19.jpg,
static/image,/Users/aloschilov/Obsidian/Math/DeepLearning/Books/18.06-spring-2010/static_resources/089169f7c399c4f8a41ea155966537e4_18.06_L04.jpg,2841,14a92c66fd56436c5b9d2583711d0487e377817126c97f5d8bd8a4ba8f9eb910,18.06_L04.jpg,
static/image,/Users/aloschilov/Obsidian/Math/DeepLearning/Books/18.06-spring-2010/static_resources/139678477021a18e81ac0aaba4ddac6b_18.06_L28.jpg,3675,73a686296a9c6d175b402e4a21d41981d620c88aabe8181a1275c12568e0753d,18.06_L28.jpg,
static/image,/Users/aloschilov/Obsidian/Math/DeepLearning/Books/18.06-spring-2010/static_resources/1832957244e20707da7da3c1fef63342_18.06_L18.jpg,3658,5d38fbc06d7d617625987869665b9989ce51ab71c5a4f5e135d5fb63e42f9c74,18.06_L18.jpg,
static/image,/Users/aloschilov/Obsidian/Math/DeepLearning/Books/18.06-spring-2010/static_resources/1ca73b9e193b6574e450202acb6877eb_18.06_L02.jpg,3666,ef32addc4e7583faf7bca19dfef4df48e8b145b2c40eed6e2bbabc007b082bbb,18.06_L02.jpg,
static/image,/Users/aloschilov/Obsidian/Math/DeepLearning/Books/18.06-spring-2010/static_resources/2db9c4e4997126e4ab3da54d283e4b12_18.06_L09.jpg,3647,0f84844a03ac19d818a9db58da31edd6493668a74c34e1766b9c3627196aada6,18.06_L09.jpg,
static/image,/Users/aloschilov/Obsidian/Math/DeepLearning/Books/18.06-spring-2010/static_resources/343c91fc58073643a15a96f06a5f3a86_18.06Edu.jpg,115634,296770adac3df981c19be64679f702fe0ab74dfe9ace1501a9769368c29850c8,18.06Edu.jpg,
static/image,/Users/aloschilov/Obsidian/Math/DeepLearning/Books/18.06-spring-2010/static_resources/3b9c52240a328ca1453d75c3b310635e_18.06_L25.jpg,3693,b08beb088faa1d0a0a1ad5af35175a07524ba485b40ecd13413a967f1db79dc8,18.06_L25.jpg,
static/image,/Users/aloschilov/Obsidian/Math/DeepLearning/Books/18.06-spring-2010/static_resources/3fbafafdf5a7327d995f5162cf94a869_18.06_L07.jpg,3614,c6159ecd3baea107b205931c4aeaf0cf49e8e8118040eb23a253d0229191a644,18.06_L07.jpg,
static/image,/Users/aloschilov/Obsidian/Math/DeepLearning/Books/18.06-spring-2010/static_resources/52f3371f40eeb8bf2037922d36fac351_18.06_L27.jpg,3679,3555f8603d13b7c16ec0ec5209236655b0ac7dd0b48c9af3dcba53e03eb0c8da,18.06_L27.jpg,
static/image,/Users/aloschilov/Obsidian/Math/DeepLearning/Books/18.06-spring-2010/static_resources/538e4610dcc90eade3c934cfb89f1926_18.06_L05.jpg,3632,4aa7529f5f1d6b12ae96965572b187fe91c35b855508fd9045c9e7478adeb2e7,18.06_L05.jpg,
static/image,/Users/aloschilov/Obsidian/Math/DeepLearning/Books/18.06-spring-2010/static_resources/59804af3c6b40990c76b91d0d7d6d7b6_18.06Edu.jpg,115634,296770adac3df981c19be64679f702fe0ab74dfe9ace1501a9769368c29850c8,18.06Edu.jpg,
static/image,/Users/aloschilov/Obsidian/Math/DeepLearning/Books/18.06-spring-2010/static_resources/5aea4f2ba44c12087b103cdb43d38a3d_18.06_L15.jpg,3603,b14ceeb31a98d1c8da70401f92a7bc4d3156e4d69e84de5928ff60b4f5916ea3,18.06_L15.jpg,
static/image,/Users/aloschilov/Obsidian/Math/DeepLearning/Books/18.06-spring-2010/static_resources/6239d4cb446515e2d1fc9d1b676f8103_18.06_L34.jpg,3623,11579671598f1a62829566174489669b5892bd623aff5fad5d610e988729c871,18.06_L34.jpg,
static/image,/Users/aloschilov/Obsidian/Math/DeepLearning/Books/18.06-spring-2010/static_resources/62aed92b9a25ab3a18d4cfbdd8aa7b57_18.06_L17.jpg,3664,ab72ab0914e41c49e662b07295c8c81c7499fbac7b13efb96420aef9a71cee82,18.06_L17.jpg,
static/image,/Users/aloschilov/Obsidian/Math/DeepLearning/Books/18.06-spring-2010/static_resources/6491a67d10b20176a009007dfa7181bf_18.06_L06.jpg,3698,bbd8429542599b0fc603bba447f15718ab3dc3763bf62f8f01a8baad00b45819,18.06_L06.jpg,
static/image,/Users/aloschilov/Obsidian/Math/DeepLearning/Books/18.06-spring-2010/static_resources/790f6b2cd4f41c93f5187de068ce65dc_18.06_L21.jpg,3665,25011ca5278db58bb44da695caf3687b1d1efeaacab70474e2466cb35921c8f9,18.06_L21.jpg,
static/image,/Users/aloschilov/Obsidian/Math/DeepLearning/Books/18.06-spring-2010/static_resources/7bd22457099804147171bf99693a25c1_video_placeholder.jpg,111771,c7b880c7b9c08a55ab45115889be410d3ff231daedd32aeb470dc525f5ea64ff,video_placeholder.jpg,
static/image,/Users/aloschilov/Obsidian/Math/DeepLearning/Books/18.06-spring-2010/static_resources/7f43e4585b1376a47691a56b45059c84_18.06_L30.jpg,3678,f02e6234b522a2f9cf924ae04e85702f33a7b91e4c9ce4a2052c984ad2563620,18.06_L30.jpg,
static/image,/Users/aloschilov/Obsidian/Math/DeepLearning/Books/18.06-spring-2010/static_resources/81e67f4372074322a7c1eafbb10a8c82_18.06_L13.jpg,3697,41a6ebe582f5d2d95525377ad6fabab36a2887c1a00fdc67f64cc5b50156b79b,18.06_L13.jpg,
static/image,/Users/aloschilov/Obsidian/Math/DeepLearning/Books/18.06-spring-2010/static_resources/862a5bbedf159572528b0f0766d1e611_18-06s10.jpg,160536,b10ce673a3ff24a0035a429002f7d7c60d5b8fa4b7e0a0424b45a1ce8c496d4b,18-06s10.jpg,
static/image,/Users/aloschilov/Obsidian/Math/DeepLearning/Books/18.06-spring-2010/static_resources/9fdd0e23eb45987690b015be1dd2cb6a_18.06_L11.jpg,3603,40fe7d84274f65d6defdb7bc505986bf70aeceb6b85000300f0c70f5272f1346,18.06_L11.jpg,
static/image,/Users/aloschilov/Obsidian/Math/DeepLearning/Books/18.06-spring-2010/static_resources/a50f554253e366d752763e1debdb6819_18.06_L20.jpg,3620,33ea17daa25e9ccedbd8d6ae257b0282fb82a4b8e407aa2572545de8251430a7,18.06_L20.jpg,
static/image,/Users/aloschilov/Obsidian/Math/DeepLearning/Books/18.06-spring-2010/static_resources/a8c49f44efc6179967c8710a4a3303cf_18.06_L26.jpg,3650,d9bcc1b67226065ebd960ca38add46fd5fa2d184a2dbc0ce49055c310b9c2ba5,18.06_L26.jpg,
static/image,/Users/aloschilov/Obsidian/Math/DeepLearning/Books/18.06-spring-2010/static_resources/add714b296f26d5dd4d29cc93cceb105_18.06_L31.jpg,3661,68f5889b45bd58b1be3299e28242c20bcbdbe9e06f83813eafd41dcdc18cde40,18.06_L31.jpg,
static/image,/Users/aloschilov/Obsidian/Math/DeepLearning/Books/18.06-spring-2010/static_resources/b2274f89024b38384889f9ac4f480b6e_18.06_L10.jpg,3677,e0291874cefadd101ac12d71f06bf0ff0c4cd808d88ba7bdb29e53dbe1acb661,18.06_L10.jpg,
static/image,/Users/aloschilov/Obsidian/Math/DeepLearning/Books/18.06-spring-2010/static_resources/bb2d74da1bad4e4ff81da092ac903e2e_18.06_L22.jpg,3584,27966e7c1304de70a867965284169492b9e7c9e9dbc01ad60ee5d9a822ff8bde,18.06_L22.jpg,
static/image,/Users/aloschilov/Obsidian/Math/DeepLearning/Books/18.06-spring-2010/static_resources/c026f62fe19be161c863f65792240870_18-06classroom.jpg,97021,401ab089802ab3c00e625fcf733a58e5b4c34c156e1491cccade14690a0ed9ee,18-06classroom.jpg,
static/image,/Users/aloschilov/Obsidian/Math/DeepLearning/Books/18.06-spring-2010/static_resources/c5886a1a55f63de48680fe2a324d791e_18.06_L08.jpg,3659,9042351b658ee91f75acc92b2a76e384f48042d7b5fee939538fe1af526d849b,18.06_L08.jpg,
static/image,/Users/aloschilov/Obsidian/Math/DeepLearning/Books/18.06-spring-2010/static_resources/cb9f019f78f3a2398ebd1957af672aed_18.06_L32.jpg,3636,0dc062585aa526eebe81318cefc88709ed0bae8a0e511ca5ed3449ac96ffa747,18.06_L32.jpg,
static/image,/Users/aloschilov/Obsidian/Math/DeepLearning/Books/18.06-spring-2010/static_resources/cc1d0f6b87c82ba3201b46ed97bac3fa_18.06_L24b.jpg,3601,25d21c87787f3eb0735a7ae9948a17e9400adec3bdff18207afb7615aeebb12b,18.06_L24b.jpg,
static/image,/Users/aloschilov/Obsidian/Math/DeepLearning/Books/18.06-spring-2010/static_resources/d5d3301356a9fd4380376b6572912446_18.06_L16.jpg,3651,e4dc0759b3a554061dea2fbe7425d5c7189b3d6d0f2ad5d86af3379f3b783be4,18.06_L16.jpg,
static/image,/Users/aloschilov/Obsidian/Math/DeepLearning/Books/18.06-spring-2010/static_resources/de934bc25ff753f35da19d96196db309_18.06_L01.jpg,3684,924139b9e868632302f4322f367213345501af125d473e5de66e249e43231c5f,18.06_L01.jpg,
static/image,/Users/aloschilov/Obsidian/Math/DeepLearning/Books/18.06-spring-2010/static_resources/df0b753c94f7498786f508d2de12bfa4_18.06_L23.jpg,3660,e62719890ec5a0f58aabac48803f11611b12a9dbff2478ec642070f74d66e535,18.06_L23.jpg,
static/image,/Users/aloschilov/Obsidian/Math/DeepLearning/Books/18.06-spring-2010/static_resources/e041d7e7fe57acfe0bf2d71a6815db0d_18-06s10-th.jpg,5320,56b8bee25a7671f92d8114c564f6a9c3b064bd6405397a937338e15956d84519,18-06s10-th.jpg,
static/image,/Users/aloschilov/Obsidian/Math/DeepLearning/Books/18.06-spring-2010/static_resources/e5f2b96d7ab78c048157bd74c8add5f7_18.06_L24.jpg,3615,12fd6310eb0011798d30f8d02c5fbea57e4ecba89bdd3e8f1fb5c2eac0717b76,18.06_L24.jpg,
static/image,/Users/aloschilov/Obsidian/Math/DeepLearning/Books/18.06-spring-2010/static_resources/e6e49ea6a18091873744aca4d536b321_18.06_L12.jpg,3671,c022199a356d53775b15341c86c17dbd76c6a3db2e9e0ff16e6d4bcedff647c9,18.06_L12.jpg,
static/image,/Users/aloschilov/Obsidian/Math/DeepLearning/Books/18.06-spring-2010/static_resources/f01e7fa2fc26606f96ea0810f4f8c8cd_18.06_L33.jpg,3682,9372dfec5ebce06dd3fac71ae1ce60935f0b185f2cea3472997c1648d1150aaa,18.06_L33.jpg,
static/image,/Users/aloschilov/Obsidian/Math/DeepLearning/Books/18.06-spring-2010/static_resources/f5b9ed132b6fd7c33a79dafd05e4050d_18.06_L29.jpg,3678,7e0da003bc68093bd99990ae4d962f1b197b99dbd716574184feecb35caf4f7c,18.06_L29.jpg,
static/image,/Users/aloschilov/Obsidian/Math/DeepLearning/Books/18.06-spring-2010/static_resources/f777380de6feec2c42ab6e159e05ddf2_18.06.jpg,1014718,d3549852ad495bbf84f0003819d0c138a23bed80f652eb48c3498fa75bb9c118,18.06.jpg,
static/image,/Users/aloschilov/Obsidian/Math/DeepLearning/Books/18.06-spring-2010/static_resources/f7838d8692da0a2a708cf3fbff2863d8_18.06_L14.jpg,3699,474fd66c34c6ea5d85296717d00e727abb70bd551b242d94122af1a693b2feaa,18.06_L14.jpg,
static/image,/Users/aloschilov/Obsidian/Math/DeepLearning/Books/18.06-spring-2010/static_resources/c24518ecda658185c40c2e5eeb72c7fa_182.png,6505,ca5e9ca464b2c5c89fb9c606be0644c7b15361f25b3a67956da4e110c8395ebd,182.png,
review/markdown,/Users/aloschilov/Obsidian/Math/DeepLearning/Books/18.06-spring-2010/review/Exercises/2.1.1.md,3120,daa76c28538501c934667bb8a08b4221277ff5f3620027619f5c37a56516582a,2.1.1.md,
review/markdown,/Users/aloschilov/Obsidian/Math/DeepLearning/Books/18.06-spring-2010/review/Exercises/2.1.2.md,2433,9ed0acf49b459ef0893733cfe658cc3f91b01d8da125b3fa745fb664041a54a2,2.1.2.md,
review/markdown,/Users/aloschilov/Obsidian/Math/DeepLearning/Books/18.06-spring-2010/review/Exercises/2.1.3.md,569,b7632389540b9a3498a6b788b95ef0bc69e443ab37e37238a38c9e6f3dac02e3,2.1.3.md,
review/markdown,/Users/aloschilov/Obsidian/Math/DeepLearning/Books/18.06-spring-2010/review/Lecture 10/01-correcting-lecture-9.md,2606,b73eb127d0b7291cff4edc2359323e94c654e83de4f6444c65faf36139939cfd,01-correcting-lecture-9.md,
review/markdown,/Users/aloschilov/Obsidian/Math/DeepLearning/Books/18.06-spring-2010/review/Lecture 10/02-four-subspaces-definitions.md,2293,9ca55ac0eeb550e89e7667102e7ae0e1a93836c1b43d7aaa75b38d66d81218d5,02-four-subspaces-definitions.md,
review/markdown,/Users/aloschilov/Obsidian/Math/DeepLearning/Books/18.06-spring-2010/review/Lecture 10/03-where-the-spaces-live.md,2032,3f523de29ed3a4fe4e231bb7f013f2c70c754c614007869a091c52f0c0861ea7,03-where-the-spaces-live.md,
review/markdown,/Users/aloschilov/Obsidian/Math/DeepLearning/Books/18.06-spring-2010/review/Lecture 10/04-column-and-row-space-dimensions.md,2050,7475165b0d7265866078b32f3a2e7fdd43d8ead703b7cbd6daa66089a4917283,04-column-and-row-space-dimensions.md,
review/markdown,/Users/aloschilov/Obsidian/Math/DeepLearning/Books/18.06-spring-2010/review/Lecture 10/05-nullspaces-dimensions.md,2314,bc6f06db8698c5d75d7a1a4d1d0c43edffd96dca54eed2d9456b35104adec9fd,05-nullspaces-dimensions.md,
review/markdown,/Users/aloschilov/Obsidian/Math/DeepLearning/Books/18.06-spring-2010/review/Lecture 10/06-row-space-basis-from-r.md,2828,ef96af591c28d2faa3dbc39c1f49de7bdeef1fa9559868ccec07f84406ef7e2b,06-row-space-basis-from-r.md,
review/markdown,/Users/aloschilov/Obsidian/Math/DeepLearning/Books/18.06-spring-2010/review/Lecture 10/07-left-nullspace-meaning.md,1801,5e5fe4e15f7b266f8e52c25da0dddae047c0cf0fc67bad9009da3ea772c20b8e,07-left-nullspace-meaning.md,
review/markdown,/Users/aloschilov/Obsidian/Math/DeepLearning/Books/18.06-spring-2010/review/Lecture 10/08-left-nullspace-from-elimination.md,3372,90c8596b0973bd4d20e9895a14f51b7f1d30f1ad91f1ea0f9ec708b22eef1735,08-left-nullspace-from-elimination.md,
review/markdown,/Users/aloschilov/Obsidian/Math/DeepLearning/Books/18.06-spring-2010/review/Lecture 10/09-matrix-spaces.md,3979,fbf77f3636ccb5ba52959bc483423f1cf9a71409085bfb4f07a483daebd65e6d,09-matrix-spaces.md,
review/markdown,/Users/aloschilov/Obsidian/Math/DeepLearning/Books/18.06-spring-2010/review/Lecture 10/README.md,4958,f177e2630f5f9bc096057c7094b26f14d272dab478543722a9b3eec5a090bfed,README.md,
review/markdown,/Users/aloschilov/Obsidian/Math/DeepLearning/Books/18.06-spring-2010/review/Lecture 10.md,31859,cd4b0fc1390408a7406b4bcb72424c868caf34e167c7ec9173c2b8d479d259e7,Lecture 10.md,
review/markdown,/Users/aloschilov/Obsidian/Math/DeepLearning/Books/18.06-spring-2010/review/Lecture 6/01-vector-spaces.md,2644,aca179fe3f364767918858b626adb8be78d1ec883ac91cf732ef9150601abda2,01-vector-spaces.md,
review/markdown,/Users/aloschilov/Obsidian/Math/DeepLearning/Books/18.06-spring-2010/review/Lecture 6/02-subspaces-in-r3.md,2760,c4df73e3990db5173687c5f5ab4041a7787f16622bd107ea78d6e8318aa29c88,02-subspaces-in-r3.md,
review/markdown,/Users/aloschilov/Obsidian/Math/DeepLearning/Books/18.06-spring-2010/review/Lecture 6/03-union-not-subspace.md,2274,a2806db6bf6a5c12e9a38e8952a67d4811984a97de82ae257e1995e366f5bc95,03-union-not-subspace.md,
review/markdown,/Users/aloschilov/Obsidian/Math/DeepLearning/Books/18.06-spring-2010/review/Lecture 6/04-intersection-is-subspace.md,2679,0368e547940b60c1c1f2cae19a91362b6ad089039e1e5669f802823ef1ee2ff0,04-intersection-is-subspace.md,
review/markdown,/Users/aloschilov/Obsidian/Math/DeepLearning/Books/18.06-spring-2010/review/Lecture 6/05-column-space.md,2972,fe748a5166a3cd09afc12f8e9ca5f027824b4e507caa5baf0938afd2b8391c79,05-column-space.md,
review/markdown,/Users/aloschilov/Obsidian/Math/DeepLearning/Books/18.06-spring-2010/review/Lecture 6/06-solvability-and-column-space.md,3076,beafb24fcc72adc478bcf9e070e05959dddef84ddcbbfc2e753ae8affba86ffb,06-solvability-and-column-space.md,
review/markdown,/Users/aloschilov/Obsidian/Math/DeepLearning/Books/18.06-spring-2010/review/Lecture 6/07-dependence-and-pivot-columns.md,2844,568d5fefbf759c54f4c8a13227f5c487c81137e6bdee80bb3799ddfd2df0bc1f,07-dependence-and-pivot-columns.md,
review/markdown,/Users/aloschilov/Obsidian/Math/DeepLearning/Books/18.06-spring-2010/review/Lecture 6/08-null-space.md,2791,b50dc77dcfe4135c758ce84c83cc1fbc67f3c7b0155fe67f30d892d4c8446343,08-null-space.md,
review/markdown,/Users/aloschilov/Obsidian/Math/DeepLearning/Books/18.06-spring-2010/review/Lecture 6/09-null-space-is-subspace.md,1884,05cb3f29f66bb1a90255e7322c919c7d4ad9d49ef62b3e6777aa3e0c322c79fe,09-null-space-is-subspace.md,
review/markdown,/Users/aloschilov/Obsidian/Math/DeepLearning/Books/18.06-spring-2010/review/Lecture 6/10-nonzero-rhs-and-two-descriptions.md,3568,0a25bb092ec0a2209382aaf391d8c92c8aa41a3b15167e084059c68135679ca3,10-nonzero-rhs-and-two-descriptions.md,
review/markdown,/Users/aloschilov/Obsidian/Math/DeepLearning/Books/18.06-spring-2010/review/Lecture 6/README.md,4140,51d719c2f054a578aef1914304bd55dd81afb9ae1866ab4cd95465c7a6d368ca,README.md,
review/markdown,/Users/aloschilov/Obsidian/Math/DeepLearning/Books/18.06-spring-2010/review/Lecture 6.md,52012,2b0eb3fdfa5f40e1a4aebdc96aa2f9258c379104c501b535c00765caa377cf21,Lecture 6.md,
review/markdown,/Users/aloschilov/Obsidian/Math/DeepLearning/Books/18.06-spring-2010/review/Lecture 7/01-from-definition-to-algorithm.md,2675,ed93c3588b83aceca4b3f8be9f5e78a6a0ca506e0c4718410272994b61a84b62,01-from-definition-to-algorithm.md,
review/markdown,/Users/aloschilov/Obsidian/Math/DeepLearning/Books/18.06-spring-2010/review/Lecture 7/02-elimination-rank-and-u.md,2860,b348f6c823438d5e7ec7e6c8e23a88c07624031956260b2581aa63e3c16b9935,02-elimination-rank-and-u.md,
review/markdown,/Users/aloschilov/Obsidian/Math/DeepLearning/Books/18.06-spring-2010/review/Lecture 7/03-free-variables-first-special-solution.md,2304,195c8b0b68a5516c21cd1703758074a0f30eb8e3d2226077af1f009b53645d88,03-free-variables-first-special-solution.md,
review/markdown,/Users/aloschilov/Obsidian/Math/DeepLearning/Books/18.06-spring-2010/review/Lecture 7/04-all-special-solutions.md,2687,191bd7b3777901e7e34e7a8c2e451f00d62f8c6998caecfe601d1f1d3e24fde7,04-all-special-solutions.md,
review/markdown,/Users/aloschilov/Obsidian/Math/DeepLearning/Books/18.06-spring-2010/review/Lecture 7/05-rref-first-example.md,2796,6c2729234bfe01503cb22d56ef3eea2b4bb5487278e216afa31cdd0c5459b212,05-rref-first-example.md,
review/markdown,/Users/aloschilov/Obsidian/Math/DeepLearning/Books/18.06-spring-2010/review/Lecture 7/06-nullspace-matrix.md,2850,e9321ccb33a5f2265c5a1ae50d8c93c70290c8d7ce86ddd85614db7698258b8a,06-nullspace-matrix.md,
review/markdown,/Users/aloschilov/Obsidian/Math/DeepLearning/Books/18.06-spring-2010/review/Lecture 7/07-transpose-example-elimination.md,2558,ee9b46ff5b2eddd5577c5c67dfd5a0189412babaa1585ab261bd88d6a23c1098,07-transpose-example-elimination.md,
review/markdown,/Users/aloschilov/Obsidian/Math/DeepLearning/Books/18.06-spring-2010/review/Lecture 7/08-transpose-nullspace.md,1967,08a1023a4bbb04670c9eef2f2d78a44f3f7f2f0615806a3fc7be622e528fd061,08-transpose-nullspace.md,
review/markdown,/Users/aloschilov/Obsidian/Math/DeepLearning/Books/18.06-spring-2010/review/Lecture 7/09-transpose-rref-and-wrapup.md,2449,5447a099759b76d27945727a8ccf0bf94050260985fc3908f2343147435118b6,09-transpose-rref-and-wrapup.md,
review/markdown,/Users/aloschilov/Obsidian/Math/DeepLearning/Books/18.06-spring-2010/review/Lecture 7/README.md,4112,12aa9b3e180607aa7cb3b5ab17168ea5574fc79ed8e99952c232be110280f972,README.md,
review/markdown,/Users/aloschilov/Obsidian/Math/DeepLearning/Books/18.06-spring-2010/review/Lecture 7.md,48492,f2eda01821c76d6673ff5bbc80e9d30fa8314e4f81239020ed04646575a72e29,Lecture 7.md,
review/markdown,/Users/aloschilov/Obsidian/Math/DeepLearning/Books/18.06-spring-2010/review/Lecture 8/01-goal-and-solvability-condition.md,2905,3d29fd93e3a3b4e303a1bd96d403eba93e2bb7581ab55c084f0ccc40bda9b11b,01-goal-and-solvability-condition.md,
review/markdown,/Users/aloschilov/Obsidian/Math/DeepLearning/Books/18.06-spring-2010/review/Lecture 8/02-solvability-two-languages.md,2251,411970a9292c1809711facfe3741ed44b31a5245c2d8af2e62e3532b8230391b,02-solvability-two-languages.md,
review/markdown,/Users/aloschilov/Obsidian/Math/DeepLearning/Books/18.06-spring-2010/review/Lecture 8/03-particular-solution.md,2008,709926f168faf8211d44235a88130d12fa90474d45ca2d4506f475c08fb8afa1,03-particular-solution.md,
review/markdown,/Users/aloschilov/Obsidian/Math/DeepLearning/Books/18.06-spring-2010/review/Lecture 8/04-complete-solution.md,2140,d9a70f8bc50201360f6048489a580cbb9a65db655177ef7e4e6288e7f2a24416,04-complete-solution.md,
review/markdown,/Users/aloschilov/Obsidian/Math/DeepLearning/Books/18.06-spring-2010/review/Lecture 8/05-geometry-and-algorithm.md,2528,1df080ef0f23168ca8e4360b1c7e97329081e707c118a30adfbaedac2154f08f,05-geometry-and-algorithm.md,
review/markdown,/Users/aloschilov/Obsidian/Math/DeepLearning/Books/18.06-spring-2010/review/Lecture 8/06-rank-and-full-column-rank.md,2954,14ba7cd6f4797a5484f8b3d4596732432df39472b02c9cfbdce78e780e54bc77,06-rank-and-full-column-rank.md,
review/markdown,/Users/aloschilov/Obsidian/Math/DeepLearning/Books/18.06-spring-2010/review/Lecture 8/07-full-row-rank.md,2142,43dabe955e0becccf48c8c88259a87c92c5eacae6187ff694c8470759ece2d0d,07-full-row-rank.md,
review/markdown,/Users/aloschilov/Obsidian/Math/DeepLearning/Books/18.06-spring-2010/review/Lecture 8/08-square-invertible-case.md,1637,8d804c4e815c9060fc7ee9971016148ba6726ba194d79c9dc2fa64e346689231,08-square-invertible-case.md,
review/markdown,/Users/aloschilov/Obsidian/Math/DeepLearning/Books/18.06-spring-2010/review/Lecture 8/09-four-rank-cases.md,3707,3bf9bf0eb1972fca5cbceb5871583b977ac9d0e88d632de003e415b7642cd569,09-four-rank-cases.md,
review/markdown,/Users/aloschilov/Obsidian/Math/DeepLearning/Books/18.06-spring-2010/review/Lecture 8/README.md,4236,98f01989302cd7125709ddc229e18fa16d6b0988443274e247c82c3fc52026e5,README.md,
review/markdown,/Users/aloschilov/Obsidian/Math/DeepLearning/Books/18.06-spring-2010/review/Lecture 8.md,50099,219ead5ff3926905d1c03178216557c2d97edc20c95a072fc88fc2d99a6ca916,Lecture 8.md,
review/markdown,/Users/aloschilov/Obsidian/Math/DeepLearning/Books/18.06-spring-2010/review/Lecture 9/01-more-unknowns-than-equations.md,2584,ef3a9126bbe578496c11fc1914108b730a4a9be9b2c903157b6970777bac8717,01-more-unknowns-than-equations.md,
review/markdown,/Users/aloschilov/Obsidian/Math/DeepLearning/Books/18.06-spring-2010/review/Lecture 9/02-definition-of-independence.md,2263,3349957a8925463ea5d95531888ca4e216821e46a092581a65bea56183024104,02-definition-of-independence.md,
review/markdown,/Users/aloschilov/Obsidian/Math/DeepLearning/Books/18.06-spring-2010/review/Lecture 9/03-first-examples-of-dependence.md,2408,4f0461965ba75e26f95e57019d0fbbc303aaf1c4b2339033c0b162bbf988d716,03-first-examples-of-dependence.md,
review/markdown,/Users/aloschilov/Obsidian/Math/DeepLearning/Books/18.06-spring-2010/review/Lecture 9/04-columns-nullspace-and-rank.md,2389,13d49fc3b028f5c12dc774da8d4e95e1c09e7d0d800b28f5718aac9ae9a39fb8,04-columns-nullspace-and-rank.md,
review/markdown,/Users/aloschilov/Obsidian/Math/DeepLearning/Books/18.06-spring-2010/review/Lecture 9/05-spanning-a-space.md,2604,ee1497cff02924be0c85b2cc7ba0c4ab8205939c914f48622ea568ba62a332f5,05-spanning-a-space.md,
review/markdown,/Users/aloschilov/Obsidian/Math/DeepLearning/Books/18.06-spring-2010/review/Lecture 9/06-basis-definition.md,1827,b98fcf8e1a9d63bc7321f62979d30fae72b05102ef95f5b16a72da5ff2b779dd,06-basis-definition.md,
review/markdown,/Users/aloschilov/Obsidian/Math/DeepLearning/Books/18.06-spring-2010/review/Lecture 9/07-bases-in-r3-and-a-plane.md,3306,6f34d8000d8b730dfa14abe342fdca07341bb221a33c44efdb9e7735d55c6280,07-bases-in-r3-and-a-plane.md,
review/markdown,/Users/aloschilov/Obsidian/Math/DeepLearning/Books/18.06-spring-2010/review/Lecture 9/08-dimension.md,2538,2c34ee07038efc2b8f300ba102e6199ffbf3d5463af379d8b8315d7229e97287,08-dimension.md,
review/markdown,/Users/aloschilov/Obsidian/Math/DeepLearning/Books/18.06-spring-2010/review/Lecture 9/09-column-space-basis-and-rank.md,3046,55ca6d7ca9336b88f242ed83c30c4df17564c565290bc944eeb15f9e062baee8,09-column-space-basis-and-rank.md,
review/markdown,/Users/aloschilov/Obsidian/Math/DeepLearning/Books/18.06-spring-2010/review/Lecture 9/10-nullspace-basis-and-dimension.md,2320,336061b2576072f86e026abc63d3bf7441d90161617c974f8182d27abf98a8af,10-nullspace-basis-and-dimension.md,
review/markdown,/Users/aloschilov/Obsidian/Math/DeepLearning/Books/18.06-spring-2010/review/Lecture 9/README.md,5510,f204c9af0011ccaae7c944b0596d07a014b4f6d5982e65a839c84174669dd988,README.md,
review/markdown,/Users/aloschilov/Obsidian/Math/DeepLearning/Books/18.06-spring-2010/review/Lecture 9.md,57585,49c6d9d7dfa6957922cba45c80f543ed096be91cb6ccd18f0bd5e3683becc3f1,Lecture 9.md,
metadata/json,/Users/aloschilov/Obsidian/Math/DeepLearning/Books/18.06-spring-2010/data.json,2107,f1a0eb0a896327d753d94de56a5e64a5c97d1a81be849b51d1c05f4c74a5cf15,data.json,
metadata/json,/Users/aloschilov/Obsidian/Math/DeepLearning/Books/18.06-spring-2010/content_map.json,20811,086f01934fd301b51be7b3850b54b36c44b53c35d8558aa227a2b6a247ae486e,content_map.json,
metadata/json,/Users/aloschilov/Obsidian/Math/DeepLearning/Books/18.06-spring-2010/pages/calendar/data.json,1347,22516d12f93a540b553d125394f3632e67b6177bb5a6595fd65b2b1a581ce7f2,data.json,
metadata/json,/Users/aloschilov/Obsidian/Math/DeepLearning/Books/18.06-spring-2010/pages/assignments/data.json,2155,31982678e212a9e51d959dd1792e64f35508f6f41cd18ce351369991608c15b4,data.json,
metadata/json,/Users/aloschilov/Obsidian/Math/DeepLearning/Books/18.06-spring-2010/pages/exams/data.json,289,272eacc58198b0db6d7fc01354fefb912f051bdc12dc2dfd3e8f17bedf666691,data.json,
generated/source,/Users/aloschilov/training-workspace/mit-1806-skill-stack/artifacts/generated/source/day01/answers.md,7109,caab5d83432b1b76e2226b089b8caff2f7f98d5cf92818374619a692efc63d4d,День 1. Ответы и акценты,Generated source Markdown
generated/source,/Users/aloschilov/training-workspace/mit-1806-skill-stack/artifacts/generated/source/day01/tasks.md,5807,67b9c0e71bc6e0c061fadaa91440a94533e97d6f72819f2c2203c1536024ffd7,"День 1. Подпространства, \(C(A)\), \(N(A)\)",Generated source Markdown
generated/source,/Users/aloschilov/training-workspace/mit-1806-skill-stack/artifacts/generated/source/day02/answers.md,4310,7d62ffc33191dc330f835734d1b97202026b79bb00740085ced822027fe9b0c2,День 2. Ответы и акценты,Generated source Markdown
generated/source,/Users/aloschilov/training-workspace/mit-1806-skill-stack/artifacts/generated/source/day02/feedback_self.md,3965,583b7a7fc018ca961e46d77f8a0883ca46c18657bd7a008cc92a662758e1f0b4,День 1. Обратная связь,Generated source Markdown
generated/source,/Users/aloschilov/training-workspace/mit-1806-skill-stack/artifacts/generated/source/day02/tasks.md,3792,664cd8805fc6a486601b444655fd978936fd64b62997dd50a6ba7ecc9b6415a4,"День 2. RREF, rank и free variables",Generated source Markdown
generated/source,/Users/aloschilov/training-workspace/mit-1806-skill-stack/artifacts/generated/source/day03/answers.md,6406,58aa65182e9748a4d6ed230f90d88f753dd513692a4918b1e72cbe86df16403a,День 3. Ответы и акценты,Generated source Markdown
generated/source,/Users/aloschilov/training-workspace/mit-1806-skill-stack/artifacts/generated/source/day03/feedback_self.md,3319,f919cdb011a9d3a31247353f4412fa9d1b680ce0e14f3ed23139fd3b6b789b12,День 2. Обратная связь,Generated source Markdown
generated/source,/Users/aloschilov/training-workspace/mit-1806-skill-stack/artifacts/generated/source/day03/tasks.md,5287,346945f9ebb40d1af9e3e17982b9bcf9cc3c66dd82fc75b2b8c9d8aadbb8668a,День 3. Полные решения \(Ax=b\),Generated source Markdown
generated/tasks,/Users/aloschilov/training-workspace/mit-1806-skill-stack/artifacts/generated/tasks/day01_tasks.pdf,61611,9ed1561d10c740c875e3b44c2ddc81de3fa2bdd93e928540b5e558b186de8406,"День 1. Подпространства, \(C(A)\), \(N(A)\)",Generated assignment PDF
generated/tasks,/Users/aloschilov/training-workspace/mit-1806-skill-stack/artifacts/generated/tasks/day02_tasks.pdf,56040,2f1c3042b85b703029755cd5dcf385d688f820ce7da0325618079e513f4fd87c,"День 2. RREF, rank и free variables",Generated assignment PDF
generated/tasks,/Users/aloschilov/training-workspace/mit-1806-skill-stack/artifacts/generated/tasks/day03_tasks.pdf,62422,3f553b1f75ad7fffab00a733aa8692fcc89f654351283c275ec9d7bfb1aac3e8,День 3. Полные решения \(Ax=b\),Generated assignment PDF
generated/answers,/Users/aloschilov/training-workspace/mit-1806-skill-stack/artifacts/generated/answers/day01_answers_and_checks.pdf,61759,b59486e2ed306c1bbdbb05bc153b9ff827428f66d971bb0df9b6f1de7cd80124,День 1. Ответы и акценты,Generated answer key PDF
generated/answers,/Users/aloschilov/training-workspace/mit-1806-skill-stack/artifacts/generated/answers/day02_answers_and_checks.pdf,55149,81a34d9072a24b81028099a6f8880c2fe299930cbb15408c37bcfd686fe3e7b6,День 2. Ответы и акценты,Generated answer key PDF
generated/answers,/Users/aloschilov/training-workspace/mit-1806-skill-stack/artifacts/generated/answers/day03_answers_and_checks.pdf,63973,4bcd179999546c09f243e3af0a4009282aa138466dab9dcdb6b4f2d3fb5b32c9,День 3. Ответы и акценты,Generated answer key PDF
generated/feedback_self,/Users/aloschilov/training-workspace/mit-1806-skill-stack/artifacts/generated/feedback_self/day01_feedback.pdf,53184,53f7636a936014f2bd0faa9e650ac0ecfcda46488437017113652508bcbe553a,День 1. Обратная связь,Generated self-review PDF
generated/feedback_self,/Users/aloschilov/training-workspace/mit-1806-skill-stack/artifacts/generated/feedback_self/day02_feedback.pdf,53978,1f07dcecad51c668e66427e7d77b22ef13e683a3e16a3d38ee510de4dbb864ee,День 2. Обратная связь,Generated self-review PDF
submission/pdf,/Users/aloschilov/training-workspace/mit-1806-skill-stack/artifacts/submissions/day01/mit_day1_solution.pdf,11392353,0a906b05e07f9c0777e9ab2e68cebd4c956b800bc3937fb1a65d36ea4ea2d2ea,mit_day1_solution,Submitted solution PDF
submission/pdf,/Users/aloschilov/training-workspace/mit-1806-skill-stack/artifacts/submissions/day02/mit_day2_solution.pdf,6192921,5c5769197d0b2863d29025e37ceba4528f19b1a1d24906cd89f1cfaacf16deb6,mit_day2_solution,Submitted solution PDF
